{
  "test_timestamp": "2025-09-11 04:35:20",
  "images": {
    "img1": "/home/jetson/lhf/workspace_2/E-Sift/data/img1.jpg",
    "img2": "/home/jetson/lhf/workspace_2/E-Sift/data/img2.jpg",
    "size": "1920x1080"
  },
  "features": {
    "img1_features": 2245,
    "img2_features": 2322,
    "extraction_time_ms": [
      143.65005493164062,
      11.695623397827148
    ]
  },
  "matching": {
    "individual_match": {
      "matches": 2245,
      "time_ms": 5.26738166809082,
      "score": 1.945472002029419
    },
    "individual_homography": {
      "inliers": 652,
      "time_ms": 2.445220947265625,
      "score": 1.3770560026168823
    },
    "speed_mode": {
      "matches": 2245,
      "inliers": 854,
      "time_ms": 4.785060882568359,
      "match_score": 1.4499839544296265,
      "homography_score": 0.9164800047874451
    },
    "accuracy_mode": {
      "matches": 2245,
      "inliers_ransac": 744,
      "inliers_refined": 749,
      "time_ms": 15.944480895996094,
      "match_score": 1.4873600006103516,
      "homography_score": 1.2856320142745972
    }
  },
  "performance": {
    "individual_total_ms": 7.712602615356445,
    "speed_mode_ms": 4.785060882568359,
    "accuracy_mode_ms": 15.944480895996094,
    "speedup_factor": 1.6118086696562033
  },
  "homography_matrices": {
    "individual": [
      [
        1.0362149477005005,
        -0.08419700711965561,
        -203.48123168945312
      ],
      [
        0.028808651491999626,
        1.0233721733093262,
        -31.68987464904785
      ],
      [
        2.057457822957076e-05,
        6.866529474791605e-06,
        1.0
      ]
    ],
    "speed_mode": [
      [
        1.009020447731018,
        -0.09025541692972183,
        -184.4869842529297
      ],
      [
        0.022018391638994217,
        1.003096103668213,
        -23.121583938598633
      ],
      [
        9.671248335507698e-06,
        -1.213568680213939e-06,
        1.0
      ]
    ],
    "accuracy_mode": [
      [
        1.014032006263733,
        -0.092055544257164,
        -187.23431396484375
      ],
      [
        0.024403655901551247,
        1.0064409971237183,
        -26.491981506347656
      ],
      [
        1.1957181413890794e-05,
        -1.8508920902604586e-06,
        1.0
      ]
    ]
  }
}